,Title,Subtitle,Link
0,TEN OUT OF TEN,Man Utd boss Ten Hag has turned Old Trafford into fortress again,https://www.thesun.co.uk/sport/21310414/ten-hag-man-utd-old-trafford-fortress/
1,QAT IT OUT,What happens if Qatar own Man Utd and PSG at the same time? All rules revealed,https://www.thesun.co.uk/sport/21310725/what-happens-if-qatar-group-own-man-utd-psg-champions-league/
2,STRIKER 'ON MOVE',Mason Greenwood's potential salary revealed as he eyes career change,https://www.thesun.co.uk/sport/21304445/mason-greenwood-new-salary-revealed/
3,VAN DAMN,Man Utd cut three stars from Europa League squad ahead of Barcelona,https://www.thesun.co.uk/sport/21309690/man-utd-europa-league-squad-barcelona/
4,ROLEX,Win an incredible Rolex Starbucks Submariner or £12k cash alternative from just 89p,https://www.thesun.co.uk/sport/betting-tips/18922011/win-rolex-7dp/
5,GUNNING FOR IT,I feared I'd die in boozy sesh with Parlour - now I'm backing Arteta's team,https://www.thesun.co.uk/sport/21310667/grimandi-ray-parlour-arsenal-double-arteta/
6,LEGAL HELP,Man City hire Partygate lawyer to defend financial breaches,https://www.thesun.co.uk/sport/21308209/man-city-premier-league-charges-lawyer/
7,PEP TALK,Man City ‘expect Guardiola will QUIT before punishment for financial breaches’,https://www.thesun.co.uk/sport/21308903/man-city-expect-pep-guardiola-quit-financial-breaches/
8,EF-HELL,Man City NOT guaranteed place in EFL if they are kicked out of Premier League,https://www.thesun.co.uk/sport/21301076/man-city-relegation-financial-breaches-efl-fears/
9,RANKED,Best casino welcome bonuses - UK casino offers for February 2023,https://www.thesun.co.uk/betting/21097803/casino-welcome-bonus/
10,CAS STRAPPED,How Man Utd could line up against Leeds as Ten Hag rules out three stars,https://www.thesun.co.uk/sport/21304654/man-utd-line-up-leeds-ten-hag-casemiro/
11,RON TOP,Ronaldo and Bonucci donate signed jerseys for Turkey earthquake appeal,https://www.thesun.co.uk/sport/21309195/cristiano-ronaldo-leonardo-bonucci-signed-jersey-turkey-earthquake/
12,'EVERYTHING TRANSPARENT',Yaya Toure's agent denies accepting secret Man City payments,https://www.thesun.co.uk/sport/21303772/yaya-toure-agent-denial-secret-man-city-payments/
13,WAR CRY,Man City ready to go to war over 115 financial charges & could go to SUPREME COURT,https://www.thesun.co.uk/sport/21306152/man-city-financial-charges-supreme-court-fight/
14,DAVE KIDD,Prem's most iconic moments wiped out if City get points ban including ‘Aguerooo’,https://www.thesun.co.uk/sport/21297973/premier-league-man-city-finances-gerrard-slip-aguerooo/
15,SHARP BLADE,Wrexham miss out on Hollywood ending as Sheff Utd score late winner in FA Cup,https://www.thesun.co.uk/sport/21310028/wrexham-miss-out-fa-cup-sheffield-united-winner/
16,PRAY FOR ATSU,Christian Atsu’s agent in agonising wait for updates after Turkey earthquakes,https://www.thesun.co.uk/sport/21308527/chelsea-christian-atsu-wait-updates-quake/
17,COR BLIMEY,Leeds blow as manager target Corberan signs new contract at West Brom,https://www.thesun.co.uk/sport/21309814/carlos-corberan-contract-extension-west-brom-leeds/
18,RED JOKE,Liverpool's nearly-men of 2013-14 brutally troll Man City after FFP breaches,https://www.thesun.co.uk/sport/21297567/liverpools-man-city-premier-league-champions/
19,MAN CITY LIVE,Club could face expulsion or points deduction after Premier League charges,https://www.thesun.co.uk/sport/20652713/man-city-charged-premier-league-live-latest-updates-relegation/
20,CLAUD NINE,World's sexiest ref strips down to tiny bikini for photo shoot on the beach,https://www.thesun.co.uk/sport/21307565/worlds-sexiest-ref-bikini-beach-pictured/
21,BLUE FEELING,Man City to IGNORE relegation fears and continue transfer and contract plans,https://www.thesun.co.uk/sport/21301163/man-city-ignore-relegation-transfer/
22,LU-KING AT YOU,Chelsea 'are keeping tabs on Luis Enrique' as pressure mounts on Potter,https://www.thesun.co.uk/sport/21306296/chelsea-luis-enrique-graham-potter-manager/
23,CITY SLICKERS,Man City's last Championship team and where they are now including Prem champ,https://www.thesun.co.uk/sport/21302261/man-citys-championship-premier-league/
24,GALL-ING THEM OUT,Man City fan Liam Gallagher demands whole of Premier League investigated,https://www.thesun.co.uk/sport/21295918/liam-gallagher-premier-league-manchester-city-financial-charges/
25,FERR-GIE TIME,Dalot arrives at Utd training in stunning £250k Ferrari as he nears new deal,https://www.thesun.co.uk/sport/21305444/diogo-dalot-man-utd-training-ferrari-new-contract/
26,READY TO FLO,Arsenal could cash in on Balogun in summer as they are faced with dilemma,https://www.thesun.co.uk/sport/21300260/arsenal-folarin-balogun-summer-transfer-reims/
27,INTER YOU,Inter Milan reveal they DID speak with Messi over sensational transfer,https://www.thesun.co.uk/sport/21307238/psg-messi-inter-milan-barcelona-transfer/
28,'MID-TABLE',Kane review from a decade ago compared 'average' Spurs hero to Steven Fletcher,https://www.thesun.co.uk/sport/21306770/harry-kane-tottenham-steven-fletcher-prediction-average/
29,QUAKE TRAGEDY,Footy star Ahmet Eyup Turkaslan body found in rubble after Turkey earthquake,https://www.thesun.co.uk/sport/21290537/ahmet-eyup-turkaslan-dead-turkey-earthquake/
30,OUT OF SIGHT,How Prem table will look if Man City are expelled... and it's good for Arsenal,https://www.thesun.co.uk/sport/21289890/how-prem-table-look-man-city-expelled/
31,LIKE FATHER LIKE SON,"Ronaldinho's son, 17, signs for Barcelona following in dad's footsteps",https://www.thesun.co.uk/sport/21302033/ronaldinho-son-joao-mendes-signs-barcelona/
32,FOOD FOR THOUGHT,Garnacho dines out with family & agent as he closes in on bumper new deal,https://www.thesun.co.uk/sport/21300114/man-utd-alejandro-garnacho-agent-contract-restaurant/
33,CASE DISMISSED,Casemiro available for Carabao Cup as Man Utd opt against red card appeal,https://www.thesun.co.uk/sport/21305669/casemiro-carabao-cup-available-red-card-appeal/
34,KEEPER TROUBLE,Ex-Barcelona star Cillessen sued for 'not paying child's hospital costs',https://www.thesun.co.uk/sport/21308787/barcelona-cillessen-sued-child-hospital/
35,CITY SLICKER,"Man City star Ederson braves the cold in £1,600 Gucci shorts alongside Wag",https://www.thesun.co.uk/sport/21307425/man-city-ederson-gucci-shorts-cheshire-wag/
36,TOP 40,Sheffield United vs Wrexham: Get £40 bonus when you stake £10 with William Hill,https://www.thesun.co.uk/sport/20695257/william-hill-free-bets-sign-up-bonus-offer-register/
37,TOP MAN,RB Leipzig ace could miss big game after stem cell donation to save stranger's life,https://www.thesun.co.uk/sport/21305768/willi-orban-rb-leipzig-stem-cell-donation/
38,CRASH CHAOS,Hamburg football stars 'involved in high-speed smash in sports car drag race',https://www.thesun.co.uk/sport/21302080/hamburg-footy-stars-high-speed-smash-drag-race/
39,CHICK CHEEK,Ex-PL star fractured cheekbone when manager threw plate of CHICKEN WINGS at him,https://www.thesun.co.uk/sport/21300993/premier-league-ivano-bonetti-fractured-cheekbone-chicken-wings/
40,POOL DRAINED,Damning table for 2023 shows Liverpool are rock-bottom - with shock side top,https://www.thesun.co.uk/sport/21304514/premier-league-table-new-year-liverpool-bottom/
41,BIG OFFER,Betfair free bets: Stake £10 on football to get £30 bonus - 18+ T&Cs apply,https://www.thesun.co.uk/sport/betting-tips/19802970/betfair-free-bets-sign-up-bonus-football/
42,'TRASH',Arsenal fans fume as season ticket prices rise... but number of games are CUT,https://www.thesun.co.uk/sport/21304550/arsenal-season-ticket-prices-increase-fan-fury/
43,THREE'S A CROWD,Chelsea ‘to end Three sponsorship deal as Boehly aims to boost revenue’,https://www.thesun.co.uk/sport/21309085/chelsea-three-sponsorship-boehly-transfers/
44,RIGHT ON QUE,Ex-Man Utd boss Carlos Queiroz takes Qatar job in bid to reach World Cup 2026,https://www.thesun.co.uk/sport/21307177/former-man-utd-coach-queiroz-qatar-world-cup-2026/
45,OUT HER LEAGUE,Sacked referee reinvents herself as online star with string of sexy snaps,https://www.thesun.co.uk/sport/21305828/glamorous-sacked-referee-sexy-snaps/
46,PROMOTION,The best casino bonuses for players in the UK: Top 10 sites for 2023,https://www.thesun.co.uk/betting/20754895/casino-bonus/
47,NOT MAD FOR IT,Leeds wanted Raul to replace Jesse Marsch but Real Madrid icon snubbed them,https://www.thesun.co.uk/sport/21299107/leeds-manager-real-madrid-raul-snub/
48,DUSAN DEAL?,Arsenal set to make second Vlahovic raid but face competition from Prem rivals,https://www.thesun.co.uk/sport/21300032/arsenal-dusan-vlahovic-transfer-man-utd-juventus/
49,REAL WORK,Ronaldo 'could not stand' Benzema's intense training regime at Real Madrid,https://www.thesun.co.uk/sport/21306258/cristiano-ronaldo-training-karim-benzema-real-madrid/
50,DIAMOND IS FOREVER,Ronaldo's girlfriend Georgina shows off huge diamond on ring finger,https://www.thesun.co.uk/sport/21303980/ronaldo-girlfriend-georgina-diamond-ring-luxury/
51,FREE PLAY,1-2-Free: Win £100 in CASH if you correctly predict three scores with Ladbrokes,https://www.thesun.co.uk/sport/21084288/ladbrokes-free-bets-game-bonus-win-100-football/
52,TEARFUL PLEA,Ex-Turkey ace breaks down in tears during plea for help for earthquake victims,https://www.thesun.co.uk/sport/21292171/fenerbahce-volkan-demirel-tears-turkey-earthquake/
53,‘IMPORTANT WIN’,Christian Atsu scored 97th-min goal hours before being buried in quake,https://www.thesun.co.uk/sport/21292536/christian-atsu-joy-winner-buried-turkey-earthquake/
54,POWER NAP,Napoli prepare Osimhen transfer war after Man Utd 'tried to get pole position',https://www.thesun.co.uk/sport/21306553/napoli-osimhen-transfer-man-utd-pole-leapfrog/
55,FORTUNE TELLER,Supercomputer predicts Wednesday's football scores including Man Utd v Leeds,https://www.thesun.co.uk/sport/21302519/supercomputer-predicts-man-utd-leeds-real-madrid-sunderland-fulham/
56,FREE BETS,Free bets - Best betting offers in February 2023,https://www.thesun.co.uk/betting/20812234/free-bets/
57,JU ARE SAFE,Juventus chief confirms club will NOT terminate Paul Pogba's contract,https://www.thesun.co.uk/sport/21309618/paul-pogba-contract-termination-deny-juventus/
58,FRENKLY SPEAKING,Frenkie de Jong’s girlfriend trolls Man Utd fans over failed transfer,https://www.thesun.co.uk/sport/21298455/frenkie-de-jong-girlfriend-man-united-transfer/
59,SQUAD PICKS,Wiegman pleased to see WSL aces play more but says England spots not guaranteed,https://www.thesun.co.uk/sport/21309496/sarina-wiegman-lionesses-squad-arnold-clark-cup/
60,KNOLL OVER,Fans say Ivana Knoll is 'getting even hotter' as she shows off bum in bikini,https://www.thesun.co.uk/sport/21303736/ivana-knoll-hot-bikini-world-cup/
61,IC-KY TIMING,Stunning model linked with Icardi 'leaks messages' after split from Wanda Nara,https://www.thesun.co.uk/sport/21302323/model-icardi-leaked-messages-wanda-nara-split/
62,PARTY ANIMAL,Pique’s parents ‘looking to move house to escape Shakira's constant partying',https://www.thesun.co.uk/sport/21300258/piques-parents-desperate-escape-shakiras-partying/
63,FAB £30,Bonus: Get £30 in FREE BETS when you stake £10 with Sky Bet -18+ T&Cs apply,https://www.thesun.co.uk/sport/betting-tips/19781466/sky-bet-30-free-bets/
64,LINK UP,Arsenal close in on cut price Milinkovic-Savic deal as he decides to leave Lazio,https://www.thesun.co.uk/sport/21299026/arsenal-milinkovic-savic-transfer-man-utd-lazio/
65,DO BRU REMEMBER?,Forgotten Liverpool man dubbed ‘next Zidane’ set for top managerial job,https://www.thesun.co.uk/sport/21301046/liverpool-bruno-cheyrou-lyon-zidane-manager/
66,STITCH UP,BBC pundits and viewers left in stitches as presenter has broadcaster nightmare,https://www.thesun.co.uk/sport/21300927/bbc-england-monye-warburton-wales/
67,FOX IN THE BOX,Fans spot footballer swiping on Tinder on team bus - and he says it worked,https://www.thesun.co.uk/sport/21297455/tinder-non-league-taunton-foulston/
68,YANN THE MAN,Man Utd keeping transfer tabs on Carrasco with winger's contract running down,https://www.thesun.co.uk/sport/21299104/man-utd-transfer-carrasco-atletico-madrid/
69,HARRY HOPE,Ten Hag says Maguire will get chance to regain place after rejecting Inter loan,https://www.thesun.co.uk/sport/21278506/man-utd-maguire-ten-hag-inter-milan/
70,WELCOME MAT,Juventus want Chelsea's Mateo Kovacic as part of swap deal for Denis Zakaria,https://www.thesun.co.uk/sport/21301174/juventus-mateo-kovacic-denis-zakaria-transfer-swap-deal/
71,GET DEN DONE,Chelsea could land Dumfries in swap transfer as Inter target Trevoh Chalobah,https://www.thesun.co.uk/sport/21303624/chelsea-denzel-dumfries-transfer-inter-milan-trevoh-chalobah/
72,JI-NIUS,Man City cult hero Sun Jihai is now business mogul and talk show host worth £20m,https://www.thesun.co.uk/sport/21301705/man-city-sun-jihai-talk-show-business-worth/
73,BREAK THREE,Man Utd ‘put THREE first-team stars on transfer list ahead of summer window',https://www.thesun.co.uk/sport/21295098/manchester-united-harry-maguire-anthony-martial-alex-telles/
74,DI WAY TO GO,Dalot 'on verge of signing long-term Man Utd contract' despite Barca interest,https://www.thesun.co.uk/sport/21294047/diogo-dalot-contract-man-united-barcelona-transfer/
75,NAB OFF,Liverpool flop Naby Keita set to quit in summer after struggling to make impact,https://www.thesun.co.uk/sport/21307102/liverpool-naby-keita-transfer-contract/
76,VIC OF TIME,Man Utd 'to launch £107m Osimhen bid with Napoli star seen as Kane alternative',https://www.thesun.co.uk/sport/21302895/man-utd-victor-osimhen-harry-kane-transfer-napoli/
77,RED DEVILS LIVE,"United to receive takeover bid WITHIN DAYS, Osimhen's £107m price tag",https://www.thesun.co.uk/sport/21284701/man-utd-news-live-qatar-takeover-busquets-europa-league-osihmen/
78,GUNNERS LIVE,"Gunners REJECTED Balogun permanent deal, Gunners show Locatelli interest",https://www.thesun.co.uk/sport/21158908/arsenal-transfer-news-live-balogun-locatelli-mac-allister/
79,HIS SIDE,Rangers new boy Todd Cantwell claims 'truth will be revealed' over Norwich exit,https://www.thesun.co.uk/sport/21299847/rangers-todd-cantwell-truth-revealed-norwich-transfer-cryptic-message/
80,THAT'S RICH,Watch Spurs pair Emerson and Lucas taunt Richarlison with pigeon dance,https://www.thesun.co.uk/sport/21303949/tottenham-emerson-royal-lucas-moura-richarlison-pigeon-dance-fifa/
81,ROOM FOR RENT,Fernandez 'only looking to rent in London for 12 months and has huge budget',https://www.thesun.co.uk/sport/21298424/enzo-fernandez-rent-london-chelsea-budget/
82,'YOU MAKE ME PROUD',Conte rings Kane to congratulate him on breaking Greaves' record,https://www.thesun.co.uk/sport/21284066/tottenham-harry-kane-antonio-conte-record-phone-call/
83,KOP OUT,"Liverpool cult hero looks unrecognisable with tattoos, beard and drastic haircut",https://www.thesun.co.uk/sport/18081871/liverpool-hero-unrecognisable-beard-hair-tattoos/
84,NUMBERS GAME,Supercomputer reveals final table after shock defeats for Arsenal and Man City,https://www.thesun.co.uk/sport/21288295/premier-league-supercomputer-arsenal-man-city/
85,WING KINGS,Top 10 best Premier League dribblers revealed... as shock name claims No1 spot,https://www.thesun.co.uk/sport/21306519/best-premier-league-dribblers-arsenal/
86,NOT BLUE,Graham Potter slams Klopp and Guardiola after criticism of Chelsea spending,https://www.thesun.co.uk/sport/21296380/graham-potter-slams-rivals-klopp-guardiola-criticism-chelsea-spending/
87,HAD A MAR-E,Watch Ferdinand troll Arsenal icon Keown in BT studio as Everton beat Arsenal,https://www.thesun.co.uk/sport/21279759/ferdinand-arsenal-keown-everton/
88,DEVIL TIME,Erik ten Hag apologises after turning up late to Man Utd press conference,https://www.thesun.co.uk/sport/21308345/ten-hag-apologies-late-press-conference-man-utd/
89,CAL ON ME,Everton sweat over Calvert-Lewin with ace set for scan ahead of Merseyside derby,https://www.thesun.co.uk/sport/21287214/dominic-calvert-lewin-injury-everton-liverpool-sean-dyche-update/
90,KICKING OFF,Newcastle's £45m ace 'didn't know about suspension' when caught driving,https://www.thesun.co.uk/sport/21281728/newcastle-united-anthony-gordon-speeding/
91,'NO EGO TRIP',Man Utd Treble winner 'stops feeling like a fraud' as he turns to management,https://www.thesun.co.uk/sport/21282703/man-utd-treble-winner-manager-non-league/
92,KICKED OUT,Mason Greenwood dropped as Nike athlete after hinting at sponsorship renewal,https://www.thesun.co.uk/sport/21291252/mason-greenwood-dropped-nike-athlete/
93,RIK AND ROLL,Ten Hag draws up three-man summer wishlist as he plans huge squad overhaul,https://www.thesun.co.uk/sport/21292454/ten-hag-three-man-transfer-wishlist-summer-overhaul/
94,AUSSIE WANTED,Leeds ‘must land Celtic boss’ Ange Postecoglou next says Elland Road legend,https://www.thesun.co.uk/sport/football/21299264/leeds-celtic-boss-ange-postecoglou-elland-road-jesse-marsch/
95,PROMOTION,Best football betting sites in the UK: Top online bookies for February 2023,https://www.thesun.co.uk/betting/20574123/best-football-betting-sites/
96,BETTING TIPS,Best live casinos in the UK: Top 10 sites for 2023,https://www.thesun.co.uk/betting/20833219/live-casinos/
97,REVIEW,Best online casinos in the UK: Top 15 casino sites for February 2023,https://www.thesun.co.uk/betting/20803800/the-best-online-casinos-in-the-uk/
98,GUESS WHO?,Champions League winner is totally unrecognisable 25 years after winning trophy,https://www.thesun.co.uk/sport/17166729/champions-league-winner-unrecognisable-24-years/
99,BALE FORCE,Bale finishes on 16-under par in rainy PGA debut weeks after quitting football,https://www.thesun.co.uk/sport/21285515/bale-gareth-golf-pga-tour-pebble-beach/
100,CAMP OUT,Fans in stitches as Sky Sports confuse Championship legend for Chile boss Berizzo,https://www.thesun.co.uk/sport/21298112/fans-sky-sports-eduardo-berizzo-blackburn-wigan/
101,'THE FUTURE',Arsenal fans go wild for kid Lewis-Skelly after stunning FA Youth Cup showing,https://www.thesun.co.uk/sport/21301014/arsenal-fans-future-myles-lewis-skelly-youth-cup/
102,OWN GOAL,Chris Coleman's club dig TRENCH on line as visitors complain goal too small,https://www.thesun.co.uk/sport/21299048/chris-coleman-aek-athens-goal/
103,BEST PALS,Cristiano Ronaldo's inner circle revealed including reporter and two close pals,https://www.thesun.co.uk/sport/21295066/cristiano-ronaldo-inner-circle-revealed-mendes/
104,A BIT SEV-ERE,Kounde issues statement apologising for 'exaggerated' celebration vs Sevilla,https://www.thesun.co.uk/sport/21294867/barcelona-jules-kounde-apologising-celebration-sevilla/
105,INTER-VENTION,Inter strip Skriniar of captaincy after star signs pre-contract with PSG,https://www.thesun.co.uk/sport/21295067/inter-milan-skriniar-captain-stripped-psg/
106,MOUR BLIMEY,"Mourinho not a great coach and overseeing disaster at Roma, says Italy legend",https://www.thesun.co.uk/sport/21301650/jose-mourinho-roma-antonio-cassano-criticism/
107,RUNNING WILD,Aberdeen 'contact' Chris Wilder in hunt for Jim Goodwin's Pittodrie successor,https://www.thesun.co.uk/sport/football/21299286/aberdeen-chris-wilder-sheffield-united-jim-goodwin-pittodrie/
108,TIM VICKERY,Clubs from the Americas could soon pose a threat to the powerful European elite,https://www.thesun.co.uk/sport/21252967/americas-clubs-concacaf-european/
109,GET KANED,Harry Kane has snatched Spurs record but Jimmy Greaves would be miles ahead,https://www.thesun.co.uk/sport/21297917/colin-hart-harry-kane-tottenham-jimmy-greaves-premier-league/
110,TROY DEENEY,I played with 250 players at Watford - it must be lunacy to be a Chelsea star,https://www.thesun.co.uk/sport/21269995/deeney-watford-chelsea/
111,KAR BLIMEY,Diletta Leotta stuns in sparkly red dress as Karius' girlfriend shows off figure,https://www.thesun.co.uk/sport/21306778/diletta-leotta-loris-karius-girlfriend-hairstyle/
112,RON CALL,Fans spot picture on Ronaldo's phone cover after Georgina shares cuddling snap,https://www.thesun.co.uk/sport/21303177/cristiano-ronaldo-phone-picture-georgina-rodriguez/
113,ANYTHING FER YOU,Chelsea ace Enzo Fernandez buys Wag flowers and takes her out for birthday,https://www.thesun.co.uk/sport/21293126/chelsea-enzo-fernandez-wag-valentina-cervantes/
